Model,Features,Accuracy,MCC,1-Recall,0-Recall,1-Precision,0-Precision,1-F1,0-F1,AUC
SVM,TFIDF,0.51,0.020036097492521526,0.5094339622641509,0.5106382978723404,0.54,0.48,0.5242718446601942,0.4948453608247423,0.5100361300682458
