Model,Features,Accuracy,MCC,1-Recall,0-Recall,1-Precision,0-Precision,1-F1,0-F1
SVM,TFIDF,0.51,-0.004372234923380704,0.6981132075471698,0.2978723404255319,0.5285714285714286,0.4666666666666667,0.6016260162601625,0.36363636363636365
