Model,Dataset,Temperature,Semantics,Semantics_CC,Semantics_AD,ParaBART_Semantics,ParaBART_Semantics_CC,ParaBART_Semantics_AD,Formality,Formality_CC,Formality_AD,METEOR,METEOR_CC,METEOR_AD,Lex_div,Lex_div_CC,Lex_div_AD,Perplexity,Perplexity_CC,Perplexity_AD
DiDOTS_BART_None_Mistral_7B_KB,MockUp,None,0.8496345281600952,,0.8496345281600952,0.8873574733734131,,0.8873574733734131,0.7106175422668457,,0.7106175422668457,0.5622097435142263,,0.5622097435142263,0.6778707919187795,,0.6778707919187795,61.27285107994977,,61.27285107994977
Mistral_7B,MockUp,KB,0.8550410270690918,,0.8550410270690918,0.9094530344009399,,0.9094530344009399,0.7376828789710999,,0.7376828789710999,0.48477229739178945,,0.48477229739178945,0.7011142423681123,,0.7011142423681123,43.57847242869781,,43.57847242869781
