Model,Config,Accuracy,MCC,1-Recall,0-Recall,1-Precision,0-Precision,1-F1,0-F1
BERT,config_1,0.49,0.004372234923380704,0.3018867924528302,0.7021276595744681,0.5333333333333333,0.4714285714285714,0.38554216867469876,0.5641025641025642
